"time","class","pkts","tcp_retx_pkts"
"04-Oct-2013 13:00:00","Inbound",40224835,220252
"04-Oct-2013 13:00:00","Outbound",27620234,149040
"04-Oct-2013 12:00:00","Inbound",42746160,282195
"04-Oct-2013 12:00:00","Outbound",31738032,108880
"04-Oct-2013 11:00:00","Inbound",51600075,231472
"04-Oct-2013 11:00:00","Outbound",31505946,208304
"04-Oct-2013 10:00:00","Inbound",50946278,162221
"04-Oct-2013 10:00:00","Outbound",30635639,182650
"04-Oct-2013 09:00:00","Inbound",34600247,89252
"04-Oct-2013 09:00:00","Outbound",22811736,88547
"04-Oct-2013 08:00:00","Inbound",18472017,22799
"04-Oct-2013 08:00:00","Outbound",13139281,36366
"04-Oct-2013 07:00:00","Inbound",5617355,7685
"04-Oct-2013 07:00:00","Outbound",4442285,13050
"04-Oct-2013 06:00:00","Inbound",3879920,3459
"04-Oct-2013 06:00:00","Outbound",3473671,16372
"04-Oct-2013 05:00:00","Inbound",2400575,7844
"04-Oct-2013 05:00:00","Outbound",2604618,15139
"04-Oct-2013 04:00:00","Inbound",3196163,12285
"04-Oct-2013 04:00:00","Outbound",4704758,21504
"04-Oct-2013 03:00:00","Inbound",2779068,3922
"04-Oct-2013 03:00:00","Outbound",2857158,18596
"04-Oct-2013 02:00:00","Inbound",2599198,6261
"04-Oct-2013 02:00:00","Outbound",3398300,43874
"04-Oct-2013 01:00:00","Inbound",3793603,6872
"04-Oct-2013 01:00:00","Outbound",4075555,19986
"04-Oct-2013 00:00:00","Inbound",5176586,14221
"04-Oct-2013 00:00:00","Outbound",5933957,26246
"03-Oct-2013 23:00:00","Inbound",7619554,16240
"03-Oct-2013 23:00:00","Outbound",7257628,32590
"03-Oct-2013 22:00:00","Inbound",11345912,33000
"03-Oct-2013 22:00:00","Outbound",9709712,171587
"03-Oct-2013 21:00:00","Inbound",14699615,25424
"03-Oct-2013 21:00:00","Outbound",11853886,109687
"03-Oct-2013 20:00:00","Inbound",21887297,92791
"03-Oct-2013 20:00:00","Outbound",17211052,96990
"03-Oct-2013 19:00:00","Inbound",45879487,170245
"03-Oct-2013 19:00:00","Outbound",29739836,134529
"03-Oct-2013 18:00:00","Inbound",50280247,190441
"03-Oct-2013 18:00:00","Outbound",31621880,177378
"03-Oct-2013 17:00:00","Inbound",57024187,200514
"03-Oct-2013 17:00:00","Outbound",34662760,162304
"03-Oct-2013 16:00:00","Inbound",46962537,150699
"03-Oct-2013 16:00:00","Outbound",31144961,199861
"03-Oct-2013 15:00:00","Inbound",34732443,128729
"03-Oct-2013 15:00:00","Outbound",24385903,110240
"03-Oct-2013 14:00:00","Inbound",42812187,163909
"03-Oct-2013 14:00:00","Outbound",30155770,153494
"03-Oct-2013 13:00:00","Inbound",49561586,221204
"03-Oct-2013 13:00:00","Outbound",36832413,155073
"03-Oct-2013 12:00:00","Inbound",43771426,265092
"03-Oct-2013 12:00:00","Outbound",32640508,152572
"03-Oct-2013 11:00:00","Inbound",55527886,204522
"03-Oct-2013 11:00:00","Outbound",37241923,146750
"03-Oct-2013 10:00:00","Inbound",46653030,224314
"03-Oct-2013 10:00:00","Outbound",32640975,352702
"03-Oct-2013 09:00:00","Inbound",33798655,107577
"03-Oct-2013 09:00:00","Outbound",22910298,190104
"03-Oct-2013 08:00:00","Inbound",21216812,29571
"03-Oct-2013 08:00:00","Outbound",14575355,103150
"03-Oct-2013 07:00:00","Inbound",7062624,9262
"03-Oct-2013 07:00:00","Outbound",5772672,120725
"03-Oct-2013 06:00:00","Inbound",1528777,2782
"03-Oct-2013 06:00:00","Outbound",1979403,11248
"03-Oct-2013 05:00:00","Inbound",1727392,3303
"03-Oct-2013 05:00:00","Outbound",2302620,14594
"03-Oct-2013 04:00:00","Inbound",2452465,8933
"03-Oct-2013 04:00:00","Outbound",3362562,19574
"03-Oct-2013 03:00:00","Inbound",2838502,11342
"03-Oct-2013 03:00:00","Outbound",3401179,21996
"03-Oct-2013 02:00:00","Inbound",3228919,4101
"03-Oct-2013 02:00:00","Outbound",3523318,26291
"03-Oct-2013 01:00:00","Inbound",4177780,6240
"03-Oct-2013 01:00:00","Outbound",5215445,174888
"03-Oct-2013 00:00:00","Inbound",6762920,9403
"03-Oct-2013 00:00:00","Outbound",7185035,34495
"02-Oct-2013 23:00:00","Inbound",7616878,15066
"02-Oct-2013 23:00:00","Outbound",8296994,40053
"02-Oct-2013 22:00:00","Inbound",12610843,63097
"02-Oct-2013 22:00:00","Outbound",10994260,64954
"02-Oct-2013 21:00:00","Inbound",17543063,97348
"02-Oct-2013 21:00:00","Outbound",14059570,90943
"02-Oct-2013 20:00:00","Inbound",18623823,66578
"02-Oct-2013 20:00:00","Outbound",15504631,58168
"02-Oct-2013 19:00:00","Inbound",33316175,179084
"02-Oct-2013 19:00:00","Outbound",24045212,93130
"02-Oct-2013 18:00:00","Inbound",36303556,178423
"02-Oct-2013 18:00:00","Outbound",24535902,156430
"02-Oct-2013 17:00:00","Inbound",46719842,194842
"02-Oct-2013 17:00:00","Outbound",28626174,155373
"02-Oct-2013 16:00:00","Inbound",56291706,159814
"02-Oct-2013 16:00:00","Outbound",32158484,133792
"02-Oct-2013 15:00:00","Inbound",35252552,82903
"02-Oct-2013 15:00:00","Outbound",21959698,79990
"02-Oct-2013 14:00:00","Inbound",30145586,93820
"02-Oct-2013 14:00:00","Outbound",20612841,92233
"02-Oct-2013 13:00:00","Inbound",38697033,255507
"02-Oct-2013 13:00:00","Outbound",28044384,133373
"02-Oct-2013 12:00:00","Inbound",48353239,405101
"02-Oct-2013 12:00:00","Outbound",32777763,154067
"02-Oct-2013 11:00:00","Inbound",51795100,296811
"02-Oct-2013 11:00:00","Outbound",33317175,189926
"02-Oct-2013 10:00:00","Inbound",58648176,295513
"02-Oct-2013 10:00:00","Outbound",35405442,149286
"02-Oct-2013 09:00:00","Inbound",38994075,127744
"02-Oct-2013 09:00:00","Outbound",25144119,95216
"02-Oct-2013 08:00:00","Inbound",18706485,28630
"02-Oct-2013 08:00:00","Outbound",12669884,26746
"02-Oct-2013 07:00:00","Inbound",9645954,12084
"02-Oct-2013 07:00:00","Outbound",6530904,14937
"02-Oct-2013 06:00:00","Inbound",2517598,2726
"02-Oct-2013 06:00:00","Outbound",2660648,15464
"02-Oct-2013 05:00:00","Inbound",1602883,2109
"02-Oct-2013 05:00:00","Outbound",2073865,15054
"02-Oct-2013 04:00:00","Inbound",2871328,2256
"02-Oct-2013 04:00:00","Outbound",2984315,20508
"02-Oct-2013 03:00:00","Inbound",3072453,2253
"02-Oct-2013 03:00:00","Outbound",3558507,32093
"02-Oct-2013 02:00:00","Inbound",2491458,6766
"02-Oct-2013 02:00:00","Outbound",2973486,36669
"02-Oct-2013 01:00:00","Inbound",5467157,14059
"02-Oct-2013 01:00:00","Outbound",5039386,28296
"02-Oct-2013 00:00:00","Inbound",7484714,18555
"02-Oct-2013 00:00:00","Outbound",6930614,30163
"01-Oct-2013 23:00:00","Inbound",8723675,23183
"01-Oct-2013 23:00:00","Outbound",8315109,37254
"01-Oct-2013 22:00:00","Inbound",11696562,33657
"01-Oct-2013 22:00:00","Outbound",10510697,45911
"01-Oct-2013 21:00:00","Inbound",15221883,35148
"01-Oct-2013 21:00:00","Outbound",13043001,52938
"01-Oct-2013 20:00:00","Inbound",27498660,66378
"01-Oct-2013 20:00:00","Outbound",17316557,68889
"01-Oct-2013 19:00:00","Inbound",39200139,141950
"01-Oct-2013 19:00:00","Outbound",25908497,94119
"01-Oct-2013 18:00:00","Inbound",39611593,199226
"01-Oct-2013 18:00:00","Outbound",27647933,121963
"01-Oct-2013 17:00:00","Inbound",46652628,365154
"01-Oct-2013 17:00:00","Outbound",31543740,133988
"01-Oct-2013 16:00:00","Inbound",42796083,289176
"01-Oct-2013 16:00:00","Outbound",29140771,134533
"01-Oct-2013 15:00:00","Inbound",31559505,129242
"01-Oct-2013 15:00:00","Outbound",21954085,112108
"01-Oct-2013 14:00:00","Inbound",53380946,383675
"01-Oct-2013 14:00:00","Outbound",34747085,156085
"01-Oct-2013 13:00:00","Inbound",50212185,327779
"01-Oct-2013 13:00:00","Outbound",31434136,122879
"01-Oct-2013 12:00:00","Inbound",63485349,465667
"01-Oct-2013 12:00:00","Outbound",39934819,202021
"01-Oct-2013 11:00:00","Inbound",76376945,614238
"01-Oct-2013 11:00:00","Outbound",42660159,143931
"01-Oct-2013 10:00:00","Inbound",60278625,328645
"01-Oct-2013 10:00:00","Outbound",36110260,655464
"01-Oct-2013 09:00:00","Inbound",66464481,522112
"01-Oct-2013 09:00:00","Outbound",37279904,136328
"01-Oct-2013 08:00:00","Inbound",23411919,75290
"01-Oct-2013 08:00:00","Outbound",14187058,58803
"01-Oct-2013 07:00:00","Inbound",10679114,26505
"01-Oct-2013 07:00:00","Outbound",6920815,16362
"01-Oct-2013 06:00:00","Inbound",1764406,2185
"01-Oct-2013 06:00:00","Outbound",2149396,12889
"01-Oct-2013 05:00:00","Inbound",1332965,2499
"01-Oct-2013 05:00:00","Outbound",1925527,19410
"01-Oct-2013 04:00:00","Inbound",2420526,2517
"01-Oct-2013 04:00:00","Outbound",2622566,23382
"01-Oct-2013 03:00:00","Inbound",2236205,3314
"01-Oct-2013 03:00:00","Outbound",2642850,25331
"01-Oct-2013 02:00:00","Inbound",3152881,8868
"01-Oct-2013 02:00:00","Outbound",3312117,24271
"01-Oct-2013 01:00:00","Inbound",4327284,57733
"01-Oct-2013 01:00:00","Outbound",4093701,29962
"01-Oct-2013 00:00:00","Inbound",5191023,34142
"01-Oct-2013 00:00:00","Outbound",5927219,35190
"30-Sep-2013 23:00:00","Inbound",6632433,20209
"30-Sep-2013 23:00:00","Outbound",7797284,34214
"30-Sep-2013 22:00:00","Inbound",8655332,21345
"30-Sep-2013 22:00:00","Outbound",9652718,37602
"30-Sep-2013 21:00:00","Inbound",11844692,24418
"30-Sep-2013 21:00:00","Outbound",10687769,35042
"30-Sep-2013 20:00:00","Inbound",17818252,32755
"30-Sep-2013 20:00:00","Outbound",14303624,40593
"30-Sep-2013 19:00:00","Inbound",36656733,96029
"30-Sep-2013 19:00:00","Outbound",19962938,66731
"30-Sep-2013 18:00:00","Inbound",35964749,77418
"30-Sep-2013 18:00:00","Outbound",19483132,52711
"30-Sep-2013 17:00:00","Inbound",21121992,42944
"30-Sep-2013 17:00:00","Outbound",13683590,39972
"30-Sep-2013 16:00:00","Inbound",21909564,22371
"30-Sep-2013 16:00:00","Outbound",17965746,52042
"30-Sep-2013 15:00:00","Inbound",16545190,45369
"30-Sep-2013 15:00:00","Outbound",11856047,33371
"30-Sep-2013 14:00:00","Inbound",17836100,63191
"30-Sep-2013 14:00:00","Outbound",14199599,65952
"30-Sep-2013 13:00:00","Inbound",23643603,39440
"30-Sep-2013 13:00:00","Outbound",20224475,74843
"30-Sep-2013 12:00:00","Inbound",32022935,42545
"30-Sep-2013 12:00:00","Outbound",21786177,65543
"30-Sep-2013 11:00:00","Inbound",26783410,46378
"30-Sep-2013 11:00:00","Outbound",21790255,61931
"30-Sep-2013 10:00:00","Inbound",21896170,41598
"30-Sep-2013 10:00:00","Outbound",17512983,40984
"30-Sep-2013 09:00:00","Inbound",13641165,16138
"30-Sep-2013 09:00:00","Outbound",10589013,19499
"30-Sep-2013 08:00:00","Inbound",8103568,8005
"30-Sep-2013 08:00:00","Outbound",6210024,11852
"30-Sep-2013 07:00:00","Inbound",3046668,4383
"30-Sep-2013 07:00:00","Outbound",2929437,12040
"30-Sep-2013 06:00:00","Inbound",1489253,2149
"30-Sep-2013 06:00:00","Outbound",1883578,12747
"30-Sep-2013 05:00:00","Inbound",1414245,2221
"30-Sep-2013 05:00:00","Outbound",1694510,19203
"30-Sep-2013 04:00:00","Inbound",2055751,3019
"30-Sep-2013 04:00:00","Outbound",2099226,20667
"30-Sep-2013 03:00:00","Inbound",2142674,2264
"30-Sep-2013 03:00:00","Outbound",2214722,21244
"30-Sep-2013 02:00:00","Inbound",3039890,2443
"30-Sep-2013 02:00:00","Outbound",2786184,16025
"30-Sep-2013 01:00:00","Inbound",2363405,3829
"30-Sep-2013 01:00:00","Outbound",2543755,18725
"30-Sep-2013 00:00:00","Inbound",3039559,6178
"30-Sep-2013 00:00:00","Outbound",3437543,26292
"29-Sep-2013 23:00:00","Inbound",2804463,8617
"29-Sep-2013 23:00:00","Outbound",3244768,29047
"29-Sep-2013 22:00:00","Inbound",4793945,22461
"29-Sep-2013 22:00:00","Outbound",3982332,23348
"29-Sep-2013 21:00:00","Inbound",3753413,7466
"29-Sep-2013 21:00:00","Outbound",3901190,30040
"29-Sep-2013 20:00:00","Inbound",4917815,8684
"29-Sep-2013 20:00:00","Outbound",4431305,31612
"29-Sep-2013 19:00:00","Inbound",3420998,7191
"29-Sep-2013 19:00:00","Outbound",3937580,29098
"29-Sep-2013 18:00:00","Inbound",3405798,10108
"29-Sep-2013 18:00:00","Outbound",4315532,30332
"29-Sep-2013 17:00:00","Inbound",3053560,7296
"29-Sep-2013 17:00:00","Outbound",3699271,26583
"29-Sep-2013 16:00:00","Inbound",2659673,7049
"29-Sep-2013 16:00:00","Outbound",3017168,20965
"29-Sep-2013 15:00:00","Inbound",2647219,5712
"29-Sep-2013 15:00:00","Outbound",2771244,14560
"29-Sep-2013 14:00:00","Inbound",3063828,5553
"29-Sep-2013 14:00:00","Outbound",3419027,21915
"29-Sep-2013 13:00:00","Inbound",3264020,13814
"29-Sep-2013 13:00:00","Outbound",3969534,20655
"29-Sep-2013 12:00:00","Inbound",3688820,7479
"29-Sep-2013 12:00:00","Outbound",4639985,21971
"29-Sep-2013 11:00:00","Inbound",3315080,6552
"29-Sep-2013 11:00:00","Outbound",4104786,19592
"29-Sep-2013 10:00:00","Inbound",3296171,6510
"29-Sep-2013 10:00:00","Outbound",4135511,18119
"29-Sep-2013 09:00:00","Inbound",2466313,6707
"29-Sep-2013 09:00:00","Outbound",2525890,9134
"29-Sep-2013 08:00:00","Inbound",1527069,3154
"29-Sep-2013 08:00:00","Outbound",1727515,11736
"29-Sep-2013 07:00:00","Inbound",1600499,1838
"29-Sep-2013 07:00:00","Outbound",1827299,7226
"29-Sep-2013 06:00:00","Inbound",1386995,1976
"29-Sep-2013 06:00:00","Outbound",1714226,10061
"29-Sep-2013 05:00:00","Inbound",1310712,2429
"29-Sep-2013 05:00:00","Outbound",1608444,11303
"29-Sep-2013 04:00:00","Inbound",1716038,2750
"29-Sep-2013 04:00:00","Outbound",2019245,10606
"29-Sep-2013 03:00:00","Inbound",1502667,2599
"29-Sep-2013 03:00:00","Outbound",1907336,10640
"29-Sep-2013 02:00:00","Inbound",1519967,2020
"29-Sep-2013 02:00:00","Outbound",1902167,12328
"29-Sep-2013 01:00:00","Inbound",2045204,2769
"29-Sep-2013 01:00:00","Outbound",3214277,13747
"29-Sep-2013 00:00:00","Inbound",3220906,3219
"29-Sep-2013 00:00:00","Outbound",3196415,15891
"28-Sep-2013 23:00:00","Inbound",5788440,6258
"28-Sep-2013 23:00:00","Outbound",5656543,124103
"28-Sep-2013 22:00:00","Inbound",4902328,4748
"28-Sep-2013 22:00:00","Outbound",4731923,21823
"28-Sep-2013 21:00:00","Inbound",4376528,5201
"28-Sep-2013 21:00:00","Outbound",4521286,25968
"28-Sep-2013 20:00:00","Inbound",5306939,7316
"28-Sep-2013 20:00:00","Outbound",4904746,17276
"28-Sep-2013 19:00:00","Inbound",6423934,8065
"28-Sep-2013 19:00:00","Outbound",6515275,20671
"28-Sep-2013 18:00:00","Inbound",6188297,7271
"28-Sep-2013 18:00:00","Outbound",6386549,18956
"28-Sep-2013 17:00:00","Inbound",8509072,10694
"28-Sep-2013 17:00:00","Outbound",6822407,15645
"28-Sep-2013 16:00:00","Inbound",6753732,14087
"28-Sep-2013 16:00:00","Outbound",6237990,20405
"28-Sep-2013 15:00:00","Inbound",6015340,18886
"28-Sep-2013 15:00:00","Outbound",5030660,15864
"28-Sep-2013 14:00:00","Inbound",5276428,9278
"28-Sep-2013 14:00:00","Outbound",4606740,19657
"28-Sep-2013 13:00:00","Inbound",7034918,10982
"28-Sep-2013 13:00:00","Outbound",6007344,37670
"28-Sep-2013 12:00:00","Inbound",7922071,11406
"28-Sep-2013 12:00:00","Outbound",6714677,18669
"28-Sep-2013 11:00:00","Inbound",6205738,8407
"28-Sep-2013 11:00:00","Outbound",5222537,19073
"28-Sep-2013 10:00:00","Inbound",6411134,7634
"28-Sep-2013 10:00:00","Outbound",6098538,19589
"28-Sep-2013 09:00:00","Inbound",3063690,7021
"28-Sep-2013 09:00:00","Outbound",3193146,10241
"28-Sep-2013 08:00:00","Inbound",2273297,3564
"28-Sep-2013 08:00:00","Outbound",2500575,11856
"28-Sep-2013 07:00:00","Inbound",2373125,1841
"28-Sep-2013 07:00:00","Outbound",2225238,8652
"28-Sep-2013 06:00:00","Inbound",2139955,1996
"28-Sep-2013 06:00:00","Outbound",2214040,11635
"28-Sep-2013 05:00:00","Inbound",1387137,2438
"28-Sep-2013 05:00:00","Outbound",1924966,12979
"28-Sep-2013 04:00:00","Inbound",1233861,1655
"28-Sep-2013 04:00:00","Outbound",1695201,14772
"28-Sep-2013 03:00:00","Inbound",1705801,2272
"28-Sep-2013 03:00:00","Outbound",2251420,16059
"28-Sep-2013 02:00:00","Inbound",1816449,2983
"28-Sep-2013 02:00:00","Outbound",2574128,18056
"28-Sep-2013 01:00:00","Inbound",2087428,3374
"28-Sep-2013 01:00:00","Outbound",2534801,18706
"28-Sep-2013 00:00:00","Inbound",5607434,5021
"28-Sep-2013 00:00:00","Outbound",4140357,20861
"27-Sep-2013 23:00:00","Inbound",5134414,6715
"27-Sep-2013 23:00:00","Outbound",4746141,24097
"27-Sep-2013 22:00:00","Inbound",4837072,6814
"27-Sep-2013 22:00:00","Outbound",4938274,27040
"27-Sep-2013 21:00:00","Inbound",4730660,16555
"27-Sep-2013 21:00:00","Outbound",5026092,27894
"27-Sep-2013 20:00:00","Inbound",7012446,73021
"27-Sep-2013 20:00:00","Outbound",6415754,27055
"27-Sep-2013 19:00:00","Inbound",10881962,211565
"27-Sep-2013 19:00:00","Outbound",9688498,40646
"27-Sep-2013 18:00:00","Inbound",11222130,267888
"27-Sep-2013 18:00:00","Outbound",9699378,35520
"27-Sep-2013 17:00:00","Inbound",12719902,325425
"27-Sep-2013 17:00:00","Outbound",11502974,45030
"27-Sep-2013 16:00:00","Inbound",10724115,277306
"27-Sep-2013 16:00:00","Outbound",9260837,30571
"27-Sep-2013 15:00:00","Inbound",4816796,9996
"27-Sep-2013 15:00:00","Outbound",5299773,27526
"27-Sep-2013 14:00:00","Inbound",6000024,32455
"27-Sep-2013 14:00:00","Outbound",5768910,26833
"27-Sep-2013 13:00:00","Inbound",11766981,216831
"27-Sep-2013 13:00:00","Outbound",10412249,54995
"27-Sep-2013 12:00:00","Inbound",11601793,110322
"27-Sep-2013 12:00:00","Outbound",11673121,113380
"27-Sep-2013 11:00:00","Inbound",11737000,273752
"27-Sep-2013 11:00:00","Outbound",10717065,66002
"27-Sep-2013 10:00:00","Inbound",14783032,309685
"27-Sep-2013 10:00:00","Outbound",11592130,32501
"27-Sep-2013 09:00:00","Inbound",8406964,40350
"27-Sep-2013 09:00:00","Outbound",7610780,31834
"27-Sep-2013 08:00:00","Inbound",12162420,21588
"27-Sep-2013 08:00:00","Outbound",9133044,16694
"27-Sep-2013 07:00:00","Inbound",11394784,17353
"27-Sep-2013 07:00:00","Outbound",7751392,12784
"27-Sep-2013 06:00:00","Inbound",2217504,2505
"27-Sep-2013 06:00:00","Outbound",2653428,13287
"27-Sep-2013 05:00:00","Inbound",1583633,2482
"27-Sep-2013 05:00:00","Outbound",2124466,14126
"27-Sep-2013 04:00:00","Inbound",1716290,3000
"27-Sep-2013 04:00:00","Outbound",2286296,14331
"27-Sep-2013 03:00:00","Inbound",2183936,2651
"27-Sep-2013 03:00:00","Outbound",2535325,14591
"27-Sep-2013 02:00:00","Inbound",2235200,4128
"27-Sep-2013 02:00:00","Outbound",2605430,19080
"27-Sep-2013 01:00:00","Inbound",3034370,7565
"27-Sep-2013 01:00:00","Outbound",3449944,60820
"27-Sep-2013 00:00:00","Inbound",3587570,14889
"27-Sep-2013 00:00:00","Outbound",4235121,26594
"26-Sep-2013 23:00:00","Inbound",6080705,22131
"26-Sep-2013 23:00:00","Outbound",6591432,96757
"26-Sep-2013 22:00:00","Inbound",8689807,25718
"26-Sep-2013 22:00:00","Outbound",8495215,85839
"26-Sep-2013 21:00:00","Inbound",9578815,17325
"26-Sep-2013 21:00:00","Outbound",8168572,37311
"26-Sep-2013 20:00:00","Inbound",19459891,42789
"26-Sep-2013 20:00:00","Outbound",13125986,65777
"26-Sep-2013 19:00:00","Inbound",33016536,148152
"26-Sep-2013 19:00:00","Outbound",21332532,102941
"26-Sep-2013 18:00:00","Inbound",31120893,78861
"26-Sep-2013 18:00:00","Outbound",21656289,74917
"26-Sep-2013 17:00:00","Inbound",42627604,178314
"26-Sep-2013 17:00:00","Outbound",29452309,107969
"26-Sep-2013 16:00:00","Inbound",38184220,187536
"26-Sep-2013 16:00:00","Outbound",24705783,202830
"26-Sep-2013 15:00:00","Inbound",23604317,85666
"26-Sep-2013 15:00:00","Outbound",16372298,67683
"26-Sep-2013 14:00:00","Inbound",31698851,165342
"26-Sep-2013 14:00:00","Outbound",23033408,198682
"26-Sep-2013 13:00:00","Inbound",44101942,217672
"26-Sep-2013 13:00:00","Outbound",31238888,199427
"26-Sep-2013 12:00:00","Inbound",49983114,258279
"26-Sep-2013 12:00:00","Outbound",35599109,158468
"26-Sep-2013 11:00:00","Inbound",50259217,223028
"26-Sep-2013 11:00:00","Outbound",32351961,125004
"26-Sep-2013 10:00:00","Inbound",40287958,214733
"26-Sep-2013 10:00:00","Outbound",27065000,109377
"26-Sep-2013 09:00:00","Inbound",34183660,137658
"26-Sep-2013 09:00:00","Outbound",22766818,91467
"26-Sep-2013 08:00:00","Inbound",17867037,36834
"26-Sep-2013 08:00:00","Outbound",12824670,23386
"26-Sep-2013 07:00:00","Inbound",9426959,7255
"26-Sep-2013 07:00:00","Outbound",6536204,12473
"26-Sep-2013 06:00:00","Inbound",3257081,3921
"26-Sep-2013 06:00:00","Outbound",2951350,12528
"26-Sep-2013 05:00:00","Inbound",3928209,3395
"26-Sep-2013 05:00:00","Outbound",3346899,649001
"26-Sep-2013 04:00:00","Inbound",2602459,3850
"26-Sep-2013 04:00:00","Outbound",2786892,40110
"26-Sep-2013 03:00:00","Inbound",2671045,3481
"26-Sep-2013 03:00:00","Outbound",2974992,17388
"26-Sep-2013 02:00:00","Inbound",3052143,12505
"26-Sep-2013 02:00:00","Outbound",3405597,17732
"26-Sep-2013 01:00:00","Inbound",3131217,14426
"26-Sep-2013 01:00:00","Outbound",4047161,25001
"26-Sep-2013 00:00:00","Inbound",4667867,19587
"26-Sep-2013 00:00:00","Outbound",5252081,27045
"25-Sep-2013 23:00:00","Inbound",9461358,27399
"25-Sep-2013 23:00:00","Outbound",8797176,35075
"25-Sep-2013 22:00:00","Inbound",14335577,31135
"25-Sep-2013 22:00:00","Outbound",11926400,43134
"25-Sep-2013 21:00:00","Inbound",11108150,27745
"25-Sep-2013 21:00:00","Outbound",10526848,175782
"25-Sep-2013 20:00:00","Inbound",19008377,115688
"25-Sep-2013 20:00:00","Outbound",14417170,63822
"25-Sep-2013 19:00:00","Inbound",27101279,324209
"25-Sep-2013 19:00:00","Outbound",20948483,106895
"25-Sep-2013 18:00:00","Inbound",31671377,175124
"25-Sep-2013 18:00:00","Outbound",23739778,138869
"25-Sep-2013 17:00:00","Inbound",41622666,633796
"25-Sep-2013 17:00:00","Outbound",29436220,179368
"25-Sep-2013 16:00:00","Inbound",35265542,696819
"25-Sep-2013 16:00:00","Outbound",26604490,113714
"25-Sep-2013 15:00:00","Inbound",26881615,78665
"25-Sep-2013 15:00:00","Outbound",22547581,79093
"25-Sep-2013 14:00:00","Inbound",27802049,196679
"25-Sep-2013 14:00:00","Outbound",20559549,85347
"25-Sep-2013 13:00:00","Inbound",42357308,510526
"25-Sep-2013 13:00:00","Outbound",29653204,126758
"25-Sep-2013 12:00:00","Inbound",47824283,611246
"25-Sep-2013 12:00:00","Outbound",34239250,169917
"25-Sep-2013 11:00:00","Inbound",41654189,526697
"25-Sep-2013 11:00:00","Outbound",28917607,383750
"25-Sep-2013 10:00:00","Inbound",42253136,293791
"25-Sep-2013 10:00:00","Outbound",30938450,422635
"25-Sep-2013 09:00:00","Inbound",34537833,226767
"25-Sep-2013 09:00:00","Outbound",23464539,102881
"25-Sep-2013 08:00:00","Inbound",19675155,22586
"25-Sep-2013 08:00:00","Outbound",14652243,66201
"25-Sep-2013 07:00:00","Inbound",8478996,7433
"25-Sep-2013 07:00:00","Outbound",6487603,13892
"25-Sep-2013 06:00:00","Inbound",2145259,3403
"25-Sep-2013 06:00:00","Outbound",2536556,14470
"25-Sep-2013 05:00:00","Inbound",1638614,3432
"25-Sep-2013 05:00:00","Outbound",2147864,16557
"25-Sep-2013 04:00:00","Inbound",2880345,2968
"25-Sep-2013 04:00:00","Outbound",2770461,18260
"25-Sep-2013 03:00:00","Inbound",1920777,3111
"25-Sep-2013 03:00:00","Outbound",2199240,20394
"25-Sep-2013 02:00:00","Inbound",2549607,6011
"25-Sep-2013 02:00:00","Outbound",2903742,28917
"25-Sep-2013 01:00:00","Inbound",2712077,5175
"25-Sep-2013 01:00:00","Outbound",3333499,29600
"25-Sep-2013 00:00:00","Inbound",3916247,10455
"25-Sep-2013 00:00:00","Outbound",4900455,36541
"24-Sep-2013 23:00:00","Inbound",5821524,19377
"24-Sep-2013 23:00:00","Outbound",7045994,50160
"24-Sep-2013 22:00:00","Inbound",10967158,28623
"24-Sep-2013 22:00:00","Outbound",9670338,47944
"24-Sep-2013 21:00:00","Inbound",16591125,44584
"24-Sep-2013 21:00:00","Outbound",12518349,316297
"24-Sep-2013 20:00:00","Inbound",22709903,293518
"24-Sep-2013 20:00:00","Outbound",19154007,611791
"24-Sep-2013 19:00:00","Inbound",30497008,230403
"24-Sep-2013 19:00:00","Outbound",23705278,95566
"24-Sep-2013 18:00:00","Inbound",42765097,199777
"24-Sep-2013 18:00:00","Outbound",30040954,125276
"24-Sep-2013 17:00:00","Inbound",44174895,369402
"24-Sep-2013 17:00:00","Outbound",31638789,208644
"24-Sep-2013 16:00:00","Inbound",41817267,336201
"24-Sep-2013 16:00:00","Outbound",28833682,763704
"24-Sep-2013 15:00:00","Inbound",28304079,115527
"24-Sep-2013 15:00:00","Outbound",21579358,1431228
"24-Sep-2013 14:00:00","Inbound",39164734,133465
"24-Sep-2013 14:00:00","Outbound",29578153,706683
"24-Sep-2013 13:00:00","Inbound",53955933,457638
"24-Sep-2013 13:00:00","Outbound",39768860,1554158
"24-Sep-2013 12:00:00","Inbound",61070733,461588
"24-Sep-2013 12:00:00","Outbound",40255901,208494
"24-Sep-2013 11:00:00","Inbound",56780309,397318
"24-Sep-2013 11:00:00","Outbound",38835686,263972
"24-Sep-2013 10:00:00","Inbound",45939389,285504
"24-Sep-2013 10:00:00","Outbound",31428326,178035
"24-Sep-2013 09:00:00","Inbound",38612414,121931
"24-Sep-2013 09:00:00","Outbound",28316589,101480
"24-Sep-2013 08:00:00","Inbound",20060767,20434
"24-Sep-2013 08:00:00","Outbound",15314453,31477
"24-Sep-2013 07:00:00","Inbound",11115514,6200
"24-Sep-2013 07:00:00","Outbound",8827430,18673
"24-Sep-2013 06:00:00","Inbound",2079964,2954
"24-Sep-2013 06:00:00","Outbound",2252484,18395
"24-Sep-2013 05:00:00","Inbound",1233841,4299
"24-Sep-2013 05:00:00","Outbound",1674773,15203
"24-Sep-2013 04:00:00","Inbound",1680302,3739
"24-Sep-2013 04:00:00","Outbound",2048088,17946
"24-Sep-2013 03:00:00","Inbound",2545935,3911
"24-Sep-2013 03:00:00","Outbound",2612937,18597
"24-Sep-2013 02:00:00","Inbound",2744159,8247
"24-Sep-2013 02:00:00","Outbound",2958024,24473
"24-Sep-2013 01:00:00","Inbound",3224672,7085
"24-Sep-2013 01:00:00","Outbound",3709222,29096
"24-Sep-2013 00:00:00","Inbound",6179407,9748
"24-Sep-2013 00:00:00","Outbound",7799153,55931
"23-Sep-2013 23:00:00","Inbound",8506088,15943
"23-Sep-2013 23:00:00","Outbound",8945925,53212
"23-Sep-2013 22:00:00","Inbound",11610423,54282
"23-Sep-2013 22:00:00","Outbound",10921242,91959
"23-Sep-2013 21:00:00","Inbound",16748915,55477
"23-Sep-2013 21:00:00","Outbound",13623038,73560
"23-Sep-2013 20:00:00","Inbound",20474415,59850
"23-Sep-2013 20:00:00","Outbound",16406767,76128
"23-Sep-2013 19:00:00","Inbound",32570205,110590
"23-Sep-2013 19:00:00","Outbound",23618269,206592
"23-Sep-2013 18:00:00","Inbound",30021459,137606
"23-Sep-2013 18:00:00","Outbound",22158798,341288
"23-Sep-2013 17:00:00","Inbound",30954485,136727
"23-Sep-2013 17:00:00","Outbound",23480997,136273
"23-Sep-2013 16:00:00","Inbound",31405779,106924
"23-Sep-2013 16:00:00","Outbound",23689849,169201
"23-Sep-2013 15:00:00","Inbound",30577840,125616
"23-Sep-2013 15:00:00","Outbound",21991432,97813
"23-Sep-2013 14:00:00","Inbound",38122938,143217
"23-Sep-2013 14:00:00","Outbound",28908526,146427
"23-Sep-2013 13:00:00","Inbound",44344726,175407
"23-Sep-2013 13:00:00","Outbound",36274457,201338
"23-Sep-2013 12:00:00","Inbound",50701954,185410
"23-Sep-2013 12:00:00","Outbound",34334657,152369
"23-Sep-2013 11:00:00","Inbound",45929996,302119
"23-Sep-2013 11:00:00","Outbound",30500868,211149
"23-Sep-2013 10:00:00","Inbound",54040669,456090
"23-Sep-2013 10:00:00","Outbound",32741154,139320
"23-Sep-2013 09:00:00","Inbound",35351612,89835
"23-Sep-2013 09:00:00","Outbound",25547229,86698
"23-Sep-2013 08:00:00","Inbound",19888850,21407
"23-Sep-2013 08:00:00","Outbound",15463536,24843
"23-Sep-2013 07:00:00","Inbound",6687078,7541
"23-Sep-2013 07:00:00","Outbound",5520805,15035
"23-Sep-2013 06:00:00","Inbound",1731613,4858
"23-Sep-2013 06:00:00","Outbound",2151621,13266
"23-Sep-2013 05:00:00","Inbound",2340502,9817
"23-Sep-2013 05:00:00","Outbound",2634294,16083
"23-Sep-2013 04:00:00","Inbound",2297494,10348
"23-Sep-2013 04:00:00","Outbound",2859397,18736
"23-Sep-2013 03:00:00","Inbound",3408362,9843
"23-Sep-2013 03:00:00","Outbound",3522610,21209
"23-Sep-2013 02:00:00","Inbound",3983366,6669
"23-Sep-2013 02:00:00","Outbound",3734185,22050
"23-Sep-2013 01:00:00","Inbound",4449641,10692
"23-Sep-2013 01:00:00","Outbound",4420633,28414
"23-Sep-2013 00:00:00","Inbound",4450518,12492
"23-Sep-2013 00:00:00","Outbound",5004402,29931
"22-Sep-2013 23:00:00","Inbound",4972265,11930
"22-Sep-2013 23:00:00","Outbound",5619686,29405
"22-Sep-2013 22:00:00","Inbound",6946324,24978
"22-Sep-2013 22:00:00","Outbound",7193493,39418
"22-Sep-2013 21:00:00","Inbound",8897066,32573
"22-Sep-2013 21:00:00","Outbound",10120938,38164
"22-Sep-2013 20:00:00","Inbound",7431902,25769
"22-Sep-2013 20:00:00","Outbound",9652145,38896
"22-Sep-2013 19:00:00","Inbound",6235639,21375
"22-Sep-2013 19:00:00","Outbound",7436917,43646
"22-Sep-2013 18:00:00","Inbound",9420442,142460
"22-Sep-2013 18:00:00","Outbound",8071477,33616
"22-Sep-2013 17:00:00","Inbound",6009132,11369
"22-Sep-2013 17:00:00","Outbound",6360339,25423
"22-Sep-2013 16:00:00","Inbound",6858354,16045
"22-Sep-2013 16:00:00","Outbound",6556469,26103
"22-Sep-2013 15:00:00","Inbound",5441589,29778
"22-Sep-2013 15:00:00","Outbound",5022189,23900
"22-Sep-2013 14:00:00","Inbound",6200661,32187
"22-Sep-2013 14:00:00","Outbound",6994718,163957
"22-Sep-2013 13:00:00","Inbound",6782417,14014
"22-Sep-2013 13:00:00","Outbound",7129471,33154
"22-Sep-2013 12:00:00","Inbound",7585262,7593
"22-Sep-2013 12:00:00","Outbound",7886789,31586
"22-Sep-2013 11:00:00","Inbound",6854856,7049
"22-Sep-2013 11:00:00","Outbound",10622768,23051
"22-Sep-2013 10:00:00","Inbound",7643547,7208
"22-Sep-2013 10:00:00","Outbound",8764248,17795
"22-Sep-2013 09:00:00","Inbound",4923751,5975
"22-Sep-2013 09:00:00","Outbound",4397560,16186
"22-Sep-2013 08:00:00","Inbound",3114020,3890
"22-Sep-2013 08:00:00","Outbound",3052609,13909
"22-Sep-2013 07:00:00","Inbound",1176168,2105
"22-Sep-2013 07:00:00","Outbound",1875573,15120
"22-Sep-2013 06:00:00","Inbound",910892,2556
"22-Sep-2013 06:00:00","Outbound",1655561,15579
"22-Sep-2013 05:00:00","Inbound",1556439,2673
"22-Sep-2013 05:00:00","Outbound",2028783,17673
"22-Sep-2013 04:00:00","Inbound",2021401,2809
"22-Sep-2013 04:00:00","Outbound",2362207,16200
"22-Sep-2013 03:00:00","Inbound",2542523,3513
"22-Sep-2013 03:00:00","Outbound",2888211,18333
"22-Sep-2013 02:00:00","Inbound",2272058,2893
"22-Sep-2013 02:00:00","Outbound",2726425,16536
"22-Sep-2013 01:00:00","Inbound",2554079,4223
"22-Sep-2013 01:00:00","Outbound",2950588,17846
"22-Sep-2013 00:00:00","Inbound",3856553,6178
"22-Sep-2013 00:00:00","Outbound",3801869,20076
"21-Sep-2013 23:00:00","Inbound",5064242,8938
"21-Sep-2013 23:00:00","Outbound",4796394,19967
"21-Sep-2013 22:00:00","Inbound",3376878,7467
"21-Sep-2013 22:00:00","Outbound",3595581,19553
"21-Sep-2013 21:00:00","Inbound",3946389,6423
"21-Sep-2013 21:00:00","Outbound",3986077,87253
"21-Sep-2013 20:00:00","Inbound",5675711,9428
"21-Sep-2013 20:00:00","Outbound",5053012,400858
"21-Sep-2013 19:00:00","Inbound",6214131,8038
"21-Sep-2013 19:00:00","Outbound",5301377,23615
"21-Sep-2013 18:00:00","Inbound",7057651,11465
"21-Sep-2013 18:00:00","Outbound",7472193,39060
"21-Sep-2013 17:00:00","Inbound",5153912,10441
"21-Sep-2013 17:00:00","Outbound",4858011,26915
"21-Sep-2013 16:00:00","Inbound",4695149,6645
"21-Sep-2013 16:00:00","Outbound",4735537,19783
"21-Sep-2013 15:00:00","Inbound",6718648,6163
"21-Sep-2013 15:00:00","Outbound",4904238,20532
"21-Sep-2013 14:00:00","Inbound",4571122,7529
"21-Sep-2013 14:00:00","Outbound",4658518,16404
"21-Sep-2013 13:00:00","Inbound",5821345,8931
"21-Sep-2013 13:00:00","Outbound",5666088,15159
"21-Sep-2013 12:00:00","Inbound",9984505,7432
"21-Sep-2013 12:00:00","Outbound",7909246,13864
"21-Sep-2013 11:00:00","Inbound",12528601,7941
"21-Sep-2013 11:00:00","Outbound",9206756,19271
"21-Sep-2013 10:00:00","Inbound",10905545,7123
"21-Sep-2013 10:00:00","Outbound",8433484,16661
"21-Sep-2013 09:00:00","Inbound",5922747,5509
"21-Sep-2013 09:00:00","Outbound",5447199,11429
"21-Sep-2013 08:00:00","Inbound",4417626,3752
"21-Sep-2013 08:00:00","Outbound",3398260,6798
"21-Sep-2013 07:00:00","Inbound",3965296,2745
"21-Sep-2013 07:00:00","Outbound",4211301,12451
"21-Sep-2013 06:00:00","Inbound",1597778,2721
"21-Sep-2013 06:00:00","Outbound",2356973,13994
"21-Sep-2013 05:00:00","Inbound",1439447,2393
"21-Sep-2013 05:00:00","Outbound",2260228,13425
"21-Sep-2013 04:00:00","Inbound",1383927,2653
"21-Sep-2013 04:00:00","Outbound",2489931,9921
"21-Sep-2013 03:00:00","Inbound",1549896,2697
"21-Sep-2013 03:00:00","Outbound",2222246,16049
"21-Sep-2013 02:00:00","Inbound",1467781,5449
"21-Sep-2013 02:00:00","Outbound",2285936,14681
"21-Sep-2013 01:00:00","Inbound",2299807,7778
"21-Sep-2013 01:00:00","Outbound",3048993,14435
"21-Sep-2013 00:00:00","Inbound",4137107,11021
"21-Sep-2013 00:00:00","Outbound",4295268,19476
"20-Sep-2013 23:00:00","Inbound",7154155,16245
"20-Sep-2013 23:00:00","Outbound",5533488,15681
"20-Sep-2013 22:00:00","Inbound",7654355,19455
"20-Sep-2013 22:00:00","Outbound",6405977,23901
"20-Sep-2013 21:00:00","Inbound",5172456,13809
"20-Sep-2013 21:00:00","Outbound",5413103,31042
"20-Sep-2013 20:00:00","Inbound",10256936,11997
"20-Sep-2013 20:00:00","Outbound",8710471,22121
"20-Sep-2013 19:00:00","Inbound",17918680,112230
"20-Sep-2013 19:00:00","Outbound",13035947,33028
"20-Sep-2013 18:00:00","Inbound",20910955,156368
"20-Sep-2013 18:00:00","Outbound",15263641,53004
"20-Sep-2013 17:00:00","Inbound",20868772,282713
"20-Sep-2013 17:00:00","Outbound",16121286,79887
"20-Sep-2013 16:00:00","Inbound",28551115,189794
"20-Sep-2013 16:00:00","Outbound",18530395,61150
"20-Sep-2013 15:00:00","Inbound",25818836,158256
"20-Sep-2013 15:00:00","Outbound",15224355,54822
"20-Sep-2013 14:00:00","Inbound",20241256,89470
"20-Sep-2013 14:00:00","Outbound",15893663,240715
"20-Sep-2013 13:00:00","Inbound",42894370,367501
"20-Sep-2013 13:00:00","Outbound",31012492,451093
"20-Sep-2013 12:00:00","Inbound",41754804,452104
"20-Sep-2013 12:00:00","Outbound",30544330,145791
"20-Sep-2013 11:00:00","Inbound",42157566,333672
"20-Sep-2013 11:00:00","Outbound",28613391,154794
"20-Sep-2013 10:00:00","Inbound",63750991,339727
"20-Sep-2013 10:00:00","Outbound",34698842,146615
"20-Sep-2013 09:00:00","Inbound",49876485,189369
"20-Sep-2013 09:00:00","Outbound",30396556,112086
"20-Sep-2013 08:00:00","Inbound",26675327,72629
"20-Sep-2013 08:00:00","Outbound",17524857,43095
"20-Sep-2013 07:00:00","Inbound",5874224,6769
"20-Sep-2013 07:00:00","Outbound",5300949,20352
"20-Sep-2013 06:00:00","Inbound",1769973,5232
"20-Sep-2013 06:00:00","Outbound",2326902,18611
"20-Sep-2013 05:00:00","Inbound",1837102,5113
"20-Sep-2013 05:00:00","Outbound",2202703,16199
"20-Sep-2013 04:00:00","Inbound",2833235,6252
"20-Sep-2013 04:00:00","Outbound",3816375,27673
"20-Sep-2013 03:00:00","Inbound",3757955,6489
"20-Sep-2013 03:00:00","Outbound",3657846,32727
"20-Sep-2013 02:00:00","Inbound",5589396,5828
"20-Sep-2013 02:00:00","Outbound",3621446,26649
"20-Sep-2013 01:00:00","Inbound",5040381,7102
"20-Sep-2013 01:00:00","Outbound",5346586,43898
"20-Sep-2013 00:00:00","Inbound",4727912,10649
"20-Sep-2013 00:00:00","Outbound",5631905,40449
"19-Sep-2013 23:00:00","Inbound",7598048,13565
"19-Sep-2013 23:00:00","Outbound",7872171,51420
"19-Sep-2013 22:00:00","Inbound",7538899,19484
"19-Sep-2013 22:00:00","Outbound",8116734,47050
"19-Sep-2013 21:00:00","Inbound",10817900,22055
"19-Sep-2013 21:00:00","Outbound",10334707,52398
"19-Sep-2013 20:00:00","Inbound",18373258,36227
"19-Sep-2013 20:00:00","Outbound",15033274,95580
"19-Sep-2013 19:00:00","Inbound",27944157,113574
"19-Sep-2013 19:00:00","Outbound",20064619,185279
"19-Sep-2013 18:00:00","Inbound",35801272,76966
"19-Sep-2013 18:00:00","Outbound",23741026,498909
"19-Sep-2013 17:00:00","Inbound",34202410,95130
"19-Sep-2013 17:00:00","Outbound",24455297,192183
"19-Sep-2013 16:00:00","Inbound",30486168,62907
"19-Sep-2013 16:00:00","Outbound",21945074,164306
"19-Sep-2013 15:00:00","Inbound",16771511,33010
"19-Sep-2013 15:00:00","Outbound",14180575,45604
"19-Sep-2013 14:00:00","Inbound",30773635,93163
"19-Sep-2013 14:00:00","Outbound",21556494,98421
"19-Sep-2013 13:00:00","Inbound",43164908,135152
"19-Sep-2013 13:00:00","Outbound",31148094,624346
"19-Sep-2013 12:00:00","Inbound",49697360,177862
"19-Sep-2013 12:00:00","Outbound",33812125,681392
"19-Sep-2013 11:00:00","Inbound",42750307,121129
"19-Sep-2013 11:00:00","Outbound",30290573,186726
"19-Sep-2013 10:00:00","Inbound",37229515,108506
"19-Sep-2013 10:00:00","Outbound",27268129,193981
"19-Sep-2013 09:00:00","Inbound",30099144,80403
"19-Sep-2013 09:00:00","Outbound",22273957,80349
"19-Sep-2013 08:00:00","Inbound",21435784,32702
"19-Sep-2013 08:00:00","Outbound",17577483,21176
"19-Sep-2013 07:00:00","Inbound",10032498,7688
"19-Sep-2013 07:00:00","Outbound",7577631,13685
"19-Sep-2013 06:00:00","Inbound",1863716,2716
"19-Sep-2013 06:00:00","Outbound",2185615,11802
"19-Sep-2013 05:00:00","Inbound",1534561,2374
"19-Sep-2013 05:00:00","Outbound",2071363,14313
"19-Sep-2013 04:00:00","Inbound",1787493,2267
"19-Sep-2013 04:00:00","Outbound",2413893,14576
"19-Sep-2013 03:00:00","Inbound",1841715,2933
"19-Sep-2013 03:00:00","Outbound",2337366,14752
"19-Sep-2013 02:00:00","Inbound",2337842,3463
"19-Sep-2013 02:00:00","Outbound",2809640,17120
"19-Sep-2013 01:00:00","Inbound",3333361,4607
"19-Sep-2013 01:00:00","Outbound",4006017,26191
"19-Sep-2013 00:00:00","Inbound",6061589,7231
"19-Sep-2013 00:00:00","Outbound",6731283,26225
"18-Sep-2013 23:00:00","Inbound",8074141,10657
"18-Sep-2013 23:00:00","Outbound",6991812,36104
"18-Sep-2013 22:00:00","Inbound",10265495,22864
"18-Sep-2013 22:00:00","Outbound",8305759,32425
"18-Sep-2013 21:00:00","Inbound",12073124,38335
"18-Sep-2013 21:00:00","Outbound",9867125,39675
"18-Sep-2013 20:00:00","Inbound",21368126,28911
"18-Sep-2013 20:00:00","Outbound",14880604,42381
"18-Sep-2013 19:00:00","Inbound",30026829,74733
"18-Sep-2013 19:00:00","Outbound",21062599,296103
"18-Sep-2013 18:00:00","Inbound",31238744,114013
"18-Sep-2013 18:00:00","Outbound",23267086,87808
"18-Sep-2013 17:00:00","Inbound",32822075,75613
"18-Sep-2013 17:00:00","Outbound",21563471,125949
"18-Sep-2013 16:00:00","Inbound",26430564,62498
"18-Sep-2013 16:00:00","Outbound",19060350,106593
"18-Sep-2013 15:00:00","Inbound",18310716,49096
"18-Sep-2013 15:00:00","Outbound",13519014,74442
"18-Sep-2013 14:00:00","Inbound",30799383,98000
"18-Sep-2013 14:00:00","Outbound",22503965,107240
"18-Sep-2013 13:00:00","Inbound",44772120,169657
"18-Sep-2013 13:00:00","Outbound",31703414,162341
"18-Sep-2013 12:00:00","Inbound",47437592,315989
"18-Sep-2013 12:00:00","Outbound",32677518,107590
"18-Sep-2013 11:00:00","Inbound",38888869,213302
"18-Sep-2013 11:00:00","Outbound",26142783,94609
"18-Sep-2013 10:00:00","Inbound",41251908,151161
"18-Sep-2013 10:00:00","Outbound",26498653,124941
"18-Sep-2013 09:00:00","Inbound",34976379,155413
"18-Sep-2013 09:00:00","Outbound",22405005,72767
"18-Sep-2013 08:00:00","Inbound",23321636,41992
"18-Sep-2013 08:00:00","Outbound",15235645,28235
"18-Sep-2013 07:00:00","Inbound",6701958,6102
"18-Sep-2013 07:00:00","Outbound",5668837,15784
"18-Sep-2013 06:00:00","Inbound",2530066,4289
"18-Sep-2013 06:00:00","Outbound",3154730,22083
"18-Sep-2013 05:00:00","Inbound",2149998,4264
"18-Sep-2013 05:00:00","Outbound",2410549,27558
"18-Sep-2013 04:00:00","Inbound",2251699,4456
"18-Sep-2013 04:00:00","Outbound",3089361,36422
"18-Sep-2013 03:00:00","Inbound",2649140,5203
"18-Sep-2013 03:00:00","Outbound",3626975,30309
"18-Sep-2013 02:00:00","Inbound",3363485,5964
"18-Sep-2013 02:00:00","Outbound",4302750,29728
"18-Sep-2013 01:00:00","Inbound",4575507,6313
"18-Sep-2013 01:00:00","Outbound",4918839,36403
"18-Sep-2013 00:00:00","Inbound",7196293,8370
"18-Sep-2013 00:00:00","Outbound",7773679,40118
"17-Sep-2013 23:00:00","Inbound",12599851,16609
"17-Sep-2013 23:00:00","Outbound",10491412,49123
"17-Sep-2013 22:00:00","Inbound",13169809,28295
"17-Sep-2013 22:00:00","Outbound",11237740,42184
"17-Sep-2013 21:00:00","Inbound",13825415,30623
"17-Sep-2013 21:00:00","Outbound",11385866,65701
"17-Sep-2013 20:00:00","Inbound",19590329,43631
"17-Sep-2013 20:00:00","Outbound",15149240,131337
"17-Sep-2013 19:00:00","Inbound",31369901,133986
"17-Sep-2013 19:00:00","Outbound",22205349,224270
"17-Sep-2013 18:00:00","Inbound",40871328,150848
"17-Sep-2013 18:00:00","Outbound",27093961,262700
"17-Sep-2013 17:00:00","Inbound",33541271,131635
"17-Sep-2013 17:00:00","Outbound",25437468,329430
"17-Sep-2013 16:00:00","Inbound",36264165,104039
"17-Sep-2013 16:00:00","Outbound",25685139,98567
"17-Sep-2013 15:00:00","Inbound",35570708,61842
"17-Sep-2013 15:00:00","Outbound",23026234,70731
"17-Sep-2013 14:00:00","Inbound",42041876,152177
"17-Sep-2013 14:00:00","Outbound",28659399,134767
"17-Sep-2013 13:00:00","Inbound",42740932,152723
"17-Sep-2013 13:00:00","Outbound",29918819,189227
"17-Sep-2013 12:00:00","Inbound",45260610,189699
"17-Sep-2013 12:00:00","Outbound",30944730,183669
"17-Sep-2013 11:00:00","Inbound",49058280,181301
"17-Sep-2013 11:00:00","Outbound",34092799,151529
"17-Sep-2013 10:00:00","Inbound",49488322,147462
"17-Sep-2013 10:00:00","Outbound",30645032,117440
"17-Sep-2013 09:00:00","Inbound",33571163,92801
"17-Sep-2013 09:00:00","Outbound",23782103,83347
"17-Sep-2013 08:00:00","Inbound",17216952,21769
"17-Sep-2013 08:00:00","Outbound",11933986,21714
"17-Sep-2013 07:00:00","Inbound",10012536,6148
"17-Sep-2013 07:00:00","Outbound",6558298,19932
"17-Sep-2013 06:00:00","Inbound",2065801,2438
"17-Sep-2013 06:00:00","Outbound",2261365,16178
"17-Sep-2013 05:00:00","Inbound",1630825,2464
"17-Sep-2013 05:00:00","Outbound",2102108,17318
"17-Sep-2013 04:00:00","Inbound",1876728,2271
"17-Sep-2013 04:00:00","Outbound",2133694,15006
"17-Sep-2013 03:00:00","Inbound",2561676,2906
"17-Sep-2013 03:00:00","Outbound",2707988,21581
"17-Sep-2013 02:00:00","Inbound",4859840,3895
"17-Sep-2013 02:00:00","Outbound",3859214,25853
"17-Sep-2013 01:00:00","Inbound",3267545,5794
"17-Sep-2013 01:00:00","Outbound",3662315,26197
"17-Sep-2013 00:00:00","Inbound",3834462,11465
"17-Sep-2013 00:00:00","Outbound",4104409,34016
"16-Sep-2013 23:00:00","Inbound",7858228,18576
"16-Sep-2013 23:00:00","Outbound",7360152,38792
"16-Sep-2013 22:00:00","Inbound",7184287,15686
"16-Sep-2013 22:00:00","Outbound",7101892,43689
"16-Sep-2013 21:00:00","Inbound",9386412,13186
"16-Sep-2013 21:00:00","Outbound",8350726,40311
"16-Sep-2013 20:00:00","Inbound",15616127,48502
"16-Sep-2013 20:00:00","Outbound",12405975,43023
"16-Sep-2013 19:00:00","Inbound",44355807,234665
"16-Sep-2013 19:00:00","Outbound",26104136,77899
"16-Sep-2013 18:00:00","Inbound",46510700,212142
"16-Sep-2013 18:00:00","Outbound",28092304,122524
"16-Sep-2013 17:00:00","Inbound",48781729,203386
"16-Sep-2013 17:00:00","Outbound",31499885,211186
"16-Sep-2013 16:00:00","Inbound",43171855,259658
"16-Sep-2013 16:00:00","Outbound",28000740,435680
"16-Sep-2013 15:00:00","Inbound",30183441,57123
"16-Sep-2013 15:00:00","Outbound",20361420,127323
"16-Sep-2013 14:00:00","Inbound",46868251,114949
"16-Sep-2013 14:00:00","Outbound",26777909,87275
"16-Sep-2013 13:00:00","Inbound",39567643,164662
"16-Sep-2013 13:00:00","Outbound",32972135,113881
"16-Sep-2013 12:00:00","Inbound",56477160,479177
"16-Sep-2013 12:00:00","Outbound",41369431,180899
"16-Sep-2013 11:00:00","Inbound",54496867,221526
"16-Sep-2013 11:00:00","Outbound",34799512,191865
"16-Sep-2013 10:00:00","Inbound",55295142,162970
"16-Sep-2013 10:00:00","Outbound",34791294,125544
"16-Sep-2013 09:00:00","Inbound",40418183,110798
"16-Sep-2013 09:00:00","Outbound",25655565,72245
"16-Sep-2013 08:00:00","Inbound",20728242,18460
"16-Sep-2013 08:00:00","Outbound",15700997,20843
"16-Sep-2013 07:00:00","Inbound",9503570,5264
"16-Sep-2013 07:00:00","Outbound",6319129,14040
"16-Sep-2013 06:00:00","Inbound",1571796,3326
"16-Sep-2013 06:00:00","Outbound",1996093,12745
"16-Sep-2013 05:00:00","Inbound",2419031,10385
"16-Sep-2013 05:00:00","Outbound",2671970,14844
"16-Sep-2013 04:00:00","Inbound",2812148,15919
"16-Sep-2013 04:00:00","Outbound",2816960,17096
"16-Sep-2013 03:00:00","Inbound",4096921,8220
"16-Sep-2013 03:00:00","Outbound",3558410,23448
"16-Sep-2013 02:00:00","Inbound",3545853,7222
"16-Sep-2013 02:00:00","Outbound",3362748,20275
"16-Sep-2013 01:00:00","Inbound",3378115,10450
"16-Sep-2013 01:00:00","Outbound",3591757,24242
"16-Sep-2013 00:00:00","Inbound",5406460,10952
"16-Sep-2013 00:00:00","Outbound",4834610,30041
"15-Sep-2013 23:00:00","Inbound",7470881,9011
"15-Sep-2013 23:00:00","Outbound",6535557,33782
"15-Sep-2013 22:00:00","Inbound",9626344,15023
"15-Sep-2013 22:00:00","Outbound",8096391,32060
"15-Sep-2013 21:00:00","Inbound",9100083,34932
"15-Sep-2013 21:00:00","Outbound",7594445,36053
"15-Sep-2013 20:00:00","Inbound",15102954,21721
"15-Sep-2013 20:00:00","Outbound",9510701,30152
"15-Sep-2013 19:00:00","Inbound",20420924,73447
"15-Sep-2013 19:00:00","Outbound",12545996,47904
"15-Sep-2013 18:00:00","Inbound",20286294,50783
"15-Sep-2013 18:00:00","Outbound",13292614,49553
"15-Sep-2013 17:00:00","Inbound",14114547,31394
"15-Sep-2013 17:00:00","Outbound",11140777,35235
"15-Sep-2013 16:00:00","Inbound",14070556,24333
"15-Sep-2013 16:00:00","Outbound",10490024,30089
"15-Sep-2013 15:00:00","Inbound",10753003,20934
"15-Sep-2013 15:00:00","Outbound",9790825,26507
"15-Sep-2013 14:00:00","Inbound",6226284,10964
"15-Sep-2013 14:00:00","Outbound",5887700,20363
"15-Sep-2013 13:00:00","Inbound",12808023,12114
"15-Sep-2013 13:00:00","Outbound",9564929,26133
"15-Sep-2013 12:00:00","Inbound",14760352,19805
"15-Sep-2013 12:00:00","Outbound",11811767,24595
"15-Sep-2013 11:00:00","Inbound",10987144,13379
"15-Sep-2013 11:00:00","Outbound",8713786,25505
"15-Sep-2013 10:00:00","Inbound",10529205,12259
"15-Sep-2013 10:00:00","Outbound",7608391,19133
"15-Sep-2013 09:00:00","Inbound",11884708,9501
"15-Sep-2013 09:00:00","Outbound",8679513,28773
"15-Sep-2013 08:00:00","Inbound",2813665,4635
"15-Sep-2013 08:00:00","Outbound",2904179,7757
"15-Sep-2013 07:00:00","Inbound",1446069,3909
"15-Sep-2013 07:00:00","Outbound",1844907,8443
"15-Sep-2013 06:00:00","Inbound",1707177,3525
"15-Sep-2013 06:00:00","Outbound",1923456,10478
"15-Sep-2013 05:00:00","Inbound",1476328,4184
"15-Sep-2013 05:00:00","Outbound",1942415,16584
"15-Sep-2013 04:00:00","Inbound",2545372,7906
"15-Sep-2013 04:00:00","Outbound",2495722,13318
"15-Sep-2013 03:00:00","Inbound",3072396,11888
"15-Sep-2013 03:00:00","Outbound",2871427,13505
"15-Sep-2013 02:00:00","Inbound",7409377,15760
"15-Sep-2013 02:00:00","Outbound",5092279,13597
"15-Sep-2013 01:00:00","Inbound",12845190,33016
"15-Sep-2013 01:00:00","Outbound",6534895,15891
"15-Sep-2013 00:00:00","Inbound",14042017,42688
"15-Sep-2013 00:00:00","Outbound",8783531,17973
"14-Sep-2013 23:00:00","Inbound",7092715,16733
"14-Sep-2013 23:00:00","Outbound",6037256,44865
"14-Sep-2013 22:00:00","Inbound",4810837,13112
"14-Sep-2013 22:00:00","Outbound",4644282,20902
"14-Sep-2013 21:00:00","Inbound",5873134,13958
"14-Sep-2013 21:00:00","Outbound",4753528,24934
"14-Sep-2013 20:00:00","Inbound",9120774,14361
"14-Sep-2013 20:00:00","Outbound",7170694,23913
"14-Sep-2013 19:00:00","Inbound",13528243,47284
"14-Sep-2013 19:00:00","Outbound",9892627,37620
"14-Sep-2013 18:00:00","Inbound",15486641,35144
"14-Sep-2013 18:00:00","Outbound",11429904,40860
"14-Sep-2013 17:00:00","Inbound",20062094,53781
"14-Sep-2013 17:00:00","Outbound",12583517,21601
"14-Sep-2013 16:00:00","Inbound",16262855,35360
"14-Sep-2013 16:00:00","Outbound",9748065,20342
"14-Sep-2013 15:00:00","Inbound",12029667,22309
"14-Sep-2013 15:00:00","Outbound",7515486,22648
"14-Sep-2013 14:00:00","Inbound",6732951,16071
"14-Sep-2013 14:00:00","Outbound",5609680,29277
"14-Sep-2013 13:00:00","Inbound",11377732,44345
"14-Sep-2013 13:00:00","Outbound",9892765,67615
"14-Sep-2013 12:00:00","Inbound",15881636,78934
"14-Sep-2013 12:00:00","Outbound",12027561,67253
"14-Sep-2013 11:00:00","Inbound",17394248,84707
"14-Sep-2013 11:00:00","Outbound",11743857,364488
"14-Sep-2013 10:00:00","Inbound",17236306,91592
"14-Sep-2013 10:00:00","Outbound",11729520,79780
"14-Sep-2013 09:00:00","Inbound",12190116,61705
"14-Sep-2013 09:00:00","Outbound",10575574,68049
"14-Sep-2013 08:00:00","Inbound",4551865,18987
"14-Sep-2013 08:00:00","Outbound",4511938,35251
"14-Sep-2013 07:00:00","Inbound",1728635,2349
"14-Sep-2013 07:00:00","Outbound",1869391,12035
"14-Sep-2013 06:00:00","Inbound",1853455,2084
"14-Sep-2013 06:00:00","Outbound",1904308,5849
"14-Sep-2013 05:00:00","Inbound",1376570,1777
"14-Sep-2013 05:00:00","Outbound",1602327,7276
"14-Sep-2013 04:00:00","Inbound",1652749,1976
"14-Sep-2013 04:00:00","Outbound",1988430,10050
"14-Sep-2013 03:00:00","Inbound",2676872,3187
"14-Sep-2013 03:00:00","Outbound",3004061,14577
"14-Sep-2013 02:00:00","Inbound",4095264,3179
"14-Sep-2013 02:00:00","Outbound",4273738,20327
"14-Sep-2013 01:00:00","Inbound",4848098,7892
"14-Sep-2013 01:00:00","Outbound",4284702,26435
"14-Sep-2013 00:00:00","Inbound",8118188,19582
"14-Sep-2013 00:00:00","Outbound",6105610,25352
"13-Sep-2013 23:00:00","Inbound",7571250,15498
"13-Sep-2013 23:00:00","Outbound",6558513,20435
"13-Sep-2013 22:00:00","Inbound",6695464,16602
"13-Sep-2013 22:00:00","Outbound",5671202,22406
"13-Sep-2013 21:00:00","Inbound",11059748,18984
"13-Sep-2013 21:00:00","Outbound",7243092,33432
"13-Sep-2013 20:00:00","Inbound",21889588,22320
"13-Sep-2013 20:00:00","Outbound",12685566,33324
"13-Sep-2013 19:00:00","Inbound",21770120,80849
"13-Sep-2013 19:00:00","Outbound",14873563,58954
"13-Sep-2013 18:00:00","Inbound",27150260,77875
"13-Sep-2013 18:00:00","Outbound",17093616,53895
"13-Sep-2013 17:00:00","Inbound",25685225,80596
"13-Sep-2013 17:00:00","Outbound",15324977,62500
"13-Sep-2013 16:00:00","Inbound",24961296,38457
"13-Sep-2013 16:00:00","Outbound",17068844,32783
"13-Sep-2013 15:00:00","Inbound",17217206,22616
"13-Sep-2013 15:00:00","Outbound",11810054,38001
"13-Sep-2013 14:00:00","Inbound",24055747,33563
"13-Sep-2013 14:00:00","Outbound",17372929,265784
"13-Sep-2013 13:00:00","Inbound",37812048,174479
"13-Sep-2013 13:00:00","Outbound",26605775,140417
"13-Sep-2013 12:00:00","Inbound",47571995,219787
"13-Sep-2013 12:00:00","Outbound",30832002,239952
"13-Sep-2013 11:00:00","Inbound",37914249,173805
"13-Sep-2013 11:00:00","Outbound",25978075,181680
"13-Sep-2013 10:00:00","Inbound",40887360,239021
"13-Sep-2013 10:00:00","Outbound",26711915,171874
"13-Sep-2013 09:00:00","Inbound",40422259,172670
"13-Sep-2013 09:00:00","Outbound",27203492,132047
"13-Sep-2013 08:00:00","Inbound",16897740,42605
"13-Sep-2013 08:00:00","Outbound",12320148,78771
"13-Sep-2013 07:00:00","Inbound",6818641,6571
"13-Sep-2013 07:00:00","Outbound",5826214,17637
"13-Sep-2013 06:00:00","Inbound",2972754,4375
"13-Sep-2013 06:00:00","Outbound",3123954,15155
"13-Sep-2013 05:00:00","Inbound",2383469,4335
"13-Sep-2013 05:00:00","Outbound",2331079,14963
"13-Sep-2013 04:00:00","Inbound",2964165,3837
"13-Sep-2013 04:00:00","Outbound",3223185,17678
"13-Sep-2013 03:00:00","Inbound",4049307,17211
"13-Sep-2013 03:00:00","Outbound",3949252,36225
"13-Sep-2013 02:00:00","Inbound",6115018,15325
"13-Sep-2013 02:00:00","Outbound",5576917,31429
"13-Sep-2013 01:00:00","Inbound",6340352,19385
"13-Sep-2013 01:00:00","Outbound",5664677,25266
"13-Sep-2013 00:00:00","Inbound",6780506,10989
"13-Sep-2013 00:00:00","Outbound",6398145,38107
"12-Sep-2013 23:00:00","Inbound",6641373,13220
"12-Sep-2013 23:00:00","Outbound",6838000,45940
"12-Sep-2013 22:00:00","Inbound",6431716,12629
"12-Sep-2013 22:00:00","Outbound",6637373,51275
"12-Sep-2013 21:00:00","Inbound",5054913,10070
"12-Sep-2013 21:00:00","Outbound",6190653,53056
"12-Sep-2013 20:00:00","Inbound",18019682,69438
"12-Sep-2013 20:00:00","Outbound",12962621,66858
"12-Sep-2013 19:00:00","Inbound",29773078,94867
"12-Sep-2013 19:00:00","Outbound",19431663,73978
"12-Sep-2013 18:00:00","Inbound",32986107,141578
"12-Sep-2013 18:00:00","Outbound",22266876,134180
"12-Sep-2013 17:00:00","Inbound",30478409,115445
"12-Sep-2013 17:00:00","Outbound",21930788,127820
"12-Sep-2013 16:00:00","Inbound",32348046,78309
"12-Sep-2013 16:00:00","Outbound",22833180,82064
"12-Sep-2013 15:00:00","Inbound",19940398,67925
"12-Sep-2013 15:00:00","Outbound",16627982,94478
"12-Sep-2013 14:00:00","Inbound",28248721,72835
"12-Sep-2013 14:00:00","Outbound",21427670,197186
"12-Sep-2013 13:00:00","Inbound",37728143,136179
"12-Sep-2013 13:00:00","Outbound",27241484,137950
"12-Sep-2013 12:00:00","Inbound",39892265,194984
"12-Sep-2013 12:00:00","Outbound",28716139,138361
"12-Sep-2013 11:00:00","Inbound",43585195,135089
"12-Sep-2013 11:00:00","Outbound",28222874,160583
"12-Sep-2013 10:00:00","Inbound",40178008,116111
"12-Sep-2013 10:00:00","Outbound",27587709,142480
"12-Sep-2013 09:00:00","Inbound",39722086,95027
"12-Sep-2013 09:00:00","Outbound",26075076,73754
"12-Sep-2013 08:00:00","Inbound",19428529,12119
"12-Sep-2013 08:00:00","Outbound",13779180,19039
"12-Sep-2013 07:00:00","Inbound",6890605,6247
"12-Sep-2013 07:00:00","Outbound",5098502,10555
"12-Sep-2013 06:00:00","Inbound",2117688,3106
"12-Sep-2013 06:00:00","Outbound",2241304,13157
"12-Sep-2013 05:00:00","Inbound",3521753,2864
"12-Sep-2013 05:00:00","Outbound",3657533,17179
"12-Sep-2013 04:00:00","Inbound",4433115,2638
"12-Sep-2013 04:00:00","Outbound",5484041,25114
"12-Sep-2013 03:00:00","Inbound",4301832,3087
"12-Sep-2013 03:00:00","Outbound",3789986,23607
"12-Sep-2013 02:00:00","Inbound",3737344,3697
"12-Sep-2013 02:00:00","Outbound",3949930,20793
"12-Sep-2013 01:00:00","Inbound",3453107,4513
"12-Sep-2013 01:00:00","Outbound",3791628,26075
"12-Sep-2013 00:00:00","Inbound",5419726,7260
"12-Sep-2013 00:00:00","Outbound",5383236,32467
"11-Sep-2013 23:00:00","Inbound",7094955,11180
"11-Sep-2013 23:00:00","Outbound",6586297,29854
"11-Sep-2013 22:00:00","Inbound",8164368,14026
"11-Sep-2013 22:00:00","Outbound",6942817,38996
"11-Sep-2013 21:00:00","Inbound",13225065,18981
"11-Sep-2013 21:00:00","Outbound",10318454,44027
"11-Sep-2013 20:00:00","Inbound",17483873,23888
"11-Sep-2013 20:00:00","Outbound",13800158,50397
"11-Sep-2013 19:00:00","Inbound",36758991,446954
"11-Sep-2013 19:00:00","Outbound",22501737,63101
"11-Sep-2013 18:00:00","Inbound",41128050,237707
"11-Sep-2013 18:00:00","Outbound",26023605,107121
"11-Sep-2013 17:00:00","Inbound",45214499,220166
"11-Sep-2013 17:00:00","Outbound",28718605,89565
"11-Sep-2013 16:00:00","Inbound",40718911,152550
"11-Sep-2013 16:00:00","Outbound",25802147,66956
"11-Sep-2013 15:00:00","Inbound",25301986,25253
"11-Sep-2013 15:00:00","Outbound",16155756,38489
"11-Sep-2013 14:00:00","Inbound",27135319,108351
"11-Sep-2013 14:00:00","Outbound",19692430,51186
"11-Sep-2013 13:00:00","Inbound",33122107,95070
"11-Sep-2013 13:00:00","Outbound",25771125,124871
"11-Sep-2013 12:00:00","Inbound",40723376,187257
"11-Sep-2013 12:00:00","Outbound",28247947,98215
"11-Sep-2013 11:00:00","Inbound",39869839,114374
"11-Sep-2013 11:00:00","Outbound",26068817,87693
"11-Sep-2013 10:00:00","Inbound",43108644,117218
"11-Sep-2013 10:00:00","Outbound",27576054,87949
"11-Sep-2013 09:00:00","Inbound",44488257,119171
"11-Sep-2013 09:00:00","Outbound",27522650,66834
"11-Sep-2013 08:00:00","Inbound",19755601,16305
"11-Sep-2013 08:00:00","Outbound",13885528,19807
"11-Sep-2013 07:00:00","Inbound",8829559,6526
"11-Sep-2013 07:00:00","Outbound",6170569,13386
"11-Sep-2013 06:00:00","Inbound",2433348,2203
"11-Sep-2013 06:00:00","Outbound",2474455,9414
"11-Sep-2013 05:00:00","Inbound",2852373,2062
"11-Sep-2013 05:00:00","Outbound",2743456,9324
"11-Sep-2013 04:00:00","Inbound",2516682,4299
"11-Sep-2013 04:00:00","Outbound",2642811,13416
"11-Sep-2013 03:00:00","Inbound",3002363,8146
"11-Sep-2013 03:00:00","Outbound",2664280,10926
"11-Sep-2013 02:00:00","Inbound",3488658,17105
"11-Sep-2013 02:00:00","Outbound",3215258,15365
"11-Sep-2013 01:00:00","Inbound",4677725,6067
"11-Sep-2013 01:00:00","Outbound",4520028,29223
"11-Sep-2013 00:00:00","Inbound",6386280,10612
"11-Sep-2013 00:00:00","Outbound",5779108,25317
"10-Sep-2013 23:00:00","Inbound",7426531,12793
"10-Sep-2013 23:00:00","Outbound",7545963,21634
"10-Sep-2013 22:00:00","Inbound",9482374,15932
"10-Sep-2013 22:00:00","Outbound",8580763,27455
"10-Sep-2013 21:00:00","Inbound",12665302,32009
"10-Sep-2013 21:00:00","Outbound",9917844,33995
"10-Sep-2013 20:00:00","Inbound",16025303,48274
"10-Sep-2013 20:00:00","Outbound",12020621,57896
"10-Sep-2013 19:00:00","Inbound",27099619,151217
"10-Sep-2013 19:00:00","Outbound",19343535,77428
"10-Sep-2013 18:00:00","Inbound",41813702,171342
"10-Sep-2013 18:00:00","Outbound",26882711,99023
"10-Sep-2013 17:00:00","Inbound",44824913,317757
"10-Sep-2013 17:00:00","Outbound",28333914,172335
"10-Sep-2013 16:00:00","Inbound",42264035,226299
"10-Sep-2013 16:00:00","Outbound",27065764,115913
"10-Sep-2013 15:00:00","Inbound",21130556,50101
"10-Sep-2013 15:00:00","Outbound",21827349,49314
"10-Sep-2013 14:00:00","Inbound",48323629,178858
"10-Sep-2013 14:00:00","Outbound",32708504,76818
"10-Sep-2013 13:00:00","Inbound",53701321,246320
"10-Sep-2013 13:00:00","Outbound",38377662,116162
"10-Sep-2013 12:00:00","Inbound",57289693,306475
"10-Sep-2013 12:00:00","Outbound",42400757,165608
"10-Sep-2013 11:00:00","Inbound",63877418,282807
"10-Sep-2013 11:00:00","Outbound",43444762,251008
"10-Sep-2013 10:00:00","Inbound",57382553,275495
"10-Sep-2013 10:00:00","Outbound",33727821,169711
"10-Sep-2013 09:00:00","Inbound",45661501,126187
"10-Sep-2013 09:00:00","Outbound",28711500,82201
"10-Sep-2013 08:00:00","Inbound",18373282,12980
"10-Sep-2013 08:00:00","Outbound",12308302,17778
"10-Sep-2013 07:00:00","Inbound",4742701,4206
"10-Sep-2013 07:00:00","Outbound",3972092,10134
"10-Sep-2013 06:00:00","Inbound",1560456,2162
"10-Sep-2013 06:00:00","Outbound",2071335,9534
"10-Sep-2013 05:00:00","Inbound",1562139,2468
"10-Sep-2013 05:00:00","Outbound",1910101,11334
"10-Sep-2013 04:00:00","Inbound",2832213,3274
"10-Sep-2013 04:00:00","Outbound",3123533,20024
"10-Sep-2013 03:00:00","Inbound",2467932,2816
"10-Sep-2013 03:00:00","Outbound",2699688,21110
"10-Sep-2013 02:00:00","Inbound",3596713,5113
"10-Sep-2013 02:00:00","Outbound",3422181,20820
"10-Sep-2013 01:00:00","Inbound",4196752,5506
"10-Sep-2013 01:00:00","Outbound",4172935,26540
"10-Sep-2013 00:00:00","Inbound",4581871,9982
"10-Sep-2013 00:00:00","Outbound",4858327,32401
"09-Sep-2013 23:00:00","Inbound",7380314,13626
"09-Sep-2013 23:00:00","Outbound",6799718,28681
"09-Sep-2013 22:00:00","Inbound",9183322,14826
"09-Sep-2013 22:00:00","Outbound",8476222,31348
"09-Sep-2013 21:00:00","Inbound",11676502,27082
"09-Sep-2013 21:00:00","Outbound",10176834,29065
"09-Sep-2013 20:00:00","Inbound",18111232,48984
"09-Sep-2013 20:00:00","Outbound",13665075,41815
"09-Sep-2013 19:00:00","Inbound",33754209,141607
"09-Sep-2013 19:00:00","Outbound",21765385,90222
"09-Sep-2013 18:00:00","Inbound",41363942,686856
"09-Sep-2013 18:00:00","Outbound",27113027,198943
"09-Sep-2013 17:00:00","Inbound",40804458,676732
"09-Sep-2013 17:00:00","Outbound",27571801,147286
"09-Sep-2013 16:00:00","Inbound",34465459,270427
"09-Sep-2013 16:00:00","Outbound",23333824,130453
"09-Sep-2013 15:00:00","Inbound",24811453,92710
"09-Sep-2013 15:00:00","Outbound",18243284,68034
"09-Sep-2013 14:00:00","Inbound",33511041,195265
"09-Sep-2013 14:00:00","Outbound",24457109,69379
"09-Sep-2013 13:00:00","Inbound",38537663,140770
"09-Sep-2013 13:00:00","Outbound",26734143,183005
"09-Sep-2013 12:00:00","Inbound",43833708,164145
"09-Sep-2013 12:00:00","Outbound",28598627,129651
"09-Sep-2013 11:00:00","Inbound",41686236,149780
"09-Sep-2013 11:00:00","Outbound",26604167,172773
"09-Sep-2013 10:00:00","Inbound",43749577,133802
"09-Sep-2013 10:00:00","Outbound",29625905,516567
"09-Sep-2013 09:00:00","Inbound",41552066,126981
"09-Sep-2013 09:00:00","Outbound",26303651,575180
"09-Sep-2013 08:00:00","Inbound",15350519,22455
"09-Sep-2013 08:00:00","Outbound",12451889,340483
"09-Sep-2013 07:00:00","Inbound",5254748,4830
"09-Sep-2013 07:00:00","Outbound",3826364,13432
"09-Sep-2013 06:00:00","Inbound",2484694,2229
"09-Sep-2013 06:00:00","Outbound",2203675,12857
"09-Sep-2013 05:00:00","Inbound",2094696,2059
"09-Sep-2013 05:00:00","Outbound",2308257,16044
"09-Sep-2013 04:00:00","Inbound",2000556,3465
"09-Sep-2013 04:00:00","Outbound",2406079,16961
"09-Sep-2013 03:00:00","Inbound",2636001,4127
"09-Sep-2013 03:00:00","Outbound",2818354,16419
"09-Sep-2013 02:00:00","Inbound",2937183,3493
"09-Sep-2013 02:00:00","Outbound",3161757,16301
"09-Sep-2013 01:00:00","Inbound",3923178,6961
"09-Sep-2013 01:00:00","Outbound",4856019,18187
"09-Sep-2013 00:00:00","Inbound",4346860,9462
"09-Sep-2013 00:00:00","Outbound",5900560,32609
"08-Sep-2013 23:00:00","Inbound",6387303,11913
"08-Sep-2013 23:00:00","Outbound",6825848,38953
"08-Sep-2013 22:00:00","Inbound",6928016,25544
"08-Sep-2013 22:00:00","Outbound",7006136,36259
"08-Sep-2013 21:00:00","Inbound",8047481,23668
"08-Sep-2013 21:00:00","Outbound",7377025,70259
"08-Sep-2013 20:00:00","Inbound",15371587,60997
"08-Sep-2013 20:00:00","Outbound",12012779,136412
"08-Sep-2013 19:00:00","Inbound",16520387,25958
"08-Sep-2013 19:00:00","Outbound",12948401,814376
"08-Sep-2013 18:00:00","Inbound",13743448,17818
"08-Sep-2013 18:00:00","Outbound",10379618,285879
"08-Sep-2013 17:00:00","Inbound",13491022,16403
"08-Sep-2013 17:00:00","Outbound",9687344,21634
"08-Sep-2013 16:00:00","Inbound",11057676,27305
"08-Sep-2013 16:00:00","Outbound",8747222,23462
"08-Sep-2013 15:00:00","Inbound",7272454,14964
"08-Sep-2013 15:00:00","Outbound",6482176,24316
"08-Sep-2013 14:00:00","Inbound",6790078,19668
"08-Sep-2013 14:00:00","Outbound",7079502,31175
"08-Sep-2013 13:00:00","Inbound",13686809,15380
"08-Sep-2013 13:00:00","Outbound",11069039,111663
"08-Sep-2013 12:00:00","Inbound",12603840,18259
"08-Sep-2013 12:00:00","Outbound",9388767,31064
"08-Sep-2013 11:00:00","Inbound",10523614,13073
"08-Sep-2013 11:00:00","Outbound",8063144,115412
"08-Sep-2013 10:00:00","Inbound",9359124,11133
"08-Sep-2013 10:00:00","Outbound",7408217,307869
"08-Sep-2013 09:00:00","Inbound",9043260,9642
"08-Sep-2013 09:00:00","Outbound",6539235,31803
"08-Sep-2013 08:00:00","Inbound",2003055,5667
"08-Sep-2013 08:00:00","Outbound",2191826,13535
"08-Sep-2013 07:00:00","Inbound",1559174,4135
"08-Sep-2013 07:00:00","Outbound",1880735,11729
"08-Sep-2013 06:00:00","Inbound",1700597,3847
"08-Sep-2013 06:00:00","Outbound",1866563,13586
"08-Sep-2013 05:00:00","Inbound",1484279,4615
"08-Sep-2013 05:00:00","Outbound",1899772,11931
"08-Sep-2013 04:00:00","Inbound",2116304,4204
"08-Sep-2013 04:00:00","Outbound",4020779,12467
"08-Sep-2013 03:00:00","Inbound",2666578,4211
"08-Sep-2013 03:00:00","Outbound",4051580,14166
"08-Sep-2013 02:00:00","Inbound",2627361,4498
"08-Sep-2013 02:00:00","Outbound",3030693,16063
"08-Sep-2013 01:00:00","Inbound",3362465,10602
"08-Sep-2013 01:00:00","Outbound",4146585,131625
"08-Sep-2013 00:00:00","Inbound",6148428,16113
"08-Sep-2013 00:00:00","Outbound",6647577,295559
"07-Sep-2013 23:00:00","Inbound",6431047,14823
"07-Sep-2013 23:00:00","Outbound",6543156,187872
"07-Sep-2013 22:00:00","Inbound",7369502,21053
"07-Sep-2013 22:00:00","Outbound",7379900,34236
"07-Sep-2013 21:00:00","Inbound",10198147,11506
"07-Sep-2013 21:00:00","Outbound",8384602,17979
"07-Sep-2013 20:00:00","Inbound",11281056,13056
"07-Sep-2013 20:00:00","Outbound",8870201,19406
"07-Sep-2013 19:00:00","Inbound",13216841,19446
"07-Sep-2013 19:00:00","Outbound",10038271,22614
"07-Sep-2013 18:00:00","Inbound",15871848,25760
"07-Sep-2013 18:00:00","Outbound",10097988,31974
"07-Sep-2013 17:00:00","Inbound",14586121,23987
"07-Sep-2013 17:00:00","Outbound",10304736,184414
"07-Sep-2013 16:00:00","Inbound",11102792,17917
"07-Sep-2013 16:00:00","Outbound",8398017,358973
"07-Sep-2013 15:00:00","Inbound",8411832,20238
"07-Sep-2013 15:00:00","Outbound",6737304,233200
"07-Sep-2013 14:00:00","Inbound",6562985,14639
"07-Sep-2013 14:00:00","Outbound",5414833,113635
"07-Sep-2013 13:00:00","Inbound",16114327,15791
"07-Sep-2013 13:00:00","Outbound",9455237,199033
"07-Sep-2013 12:00:00","Inbound",14586700,14700
"07-Sep-2013 12:00:00","Outbound",10365907,228987
"07-Sep-2013 11:00:00","Inbound",20871135,13754
"07-Sep-2013 11:00:00","Outbound",12675651,147356
"07-Sep-2013 10:00:00","Inbound",15884373,12726
"07-Sep-2013 10:00:00","Outbound",10289302,18954
"07-Sep-2013 09:00:00","Inbound",10055042,11975
"07-Sep-2013 09:00:00","Outbound",6559852,17814
"07-Sep-2013 08:00:00","Inbound",3265851,7561
"07-Sep-2013 08:00:00","Outbound",3290552,15424
"07-Sep-2013 07:00:00","Inbound",2540612,4657
"07-Sep-2013 07:00:00","Outbound",2713402,12479
"07-Sep-2013 06:00:00","Inbound",3225633,4064
"07-Sep-2013 06:00:00","Outbound",4630657,17852
"07-Sep-2013 05:00:00","Inbound",2021638,4475
"07-Sep-2013 05:00:00","Outbound",2421804,12956
"07-Sep-2013 04:00:00","Inbound",2251183,4406
"07-Sep-2013 04:00:00","Outbound",2094672,13474
"07-Sep-2013 03:00:00","Inbound",1825121,4420
"07-Sep-2013 03:00:00","Outbound",1950763,12946
"07-Sep-2013 02:00:00","Inbound",2517993,5948
"07-Sep-2013 02:00:00","Outbound",2584823,14053
"07-Sep-2013 01:00:00","Inbound",3307670,7883
"07-Sep-2013 01:00:00","Outbound",3481319,18632
"07-Sep-2013 00:00:00","Inbound",5136950,9215
"07-Sep-2013 00:00:00","Outbound",4886480,17474
"06-Sep-2013 23:00:00","Inbound",8322261,18247
"06-Sep-2013 23:00:00","Outbound",6696370,21944
"06-Sep-2013 22:00:00","Inbound",10094097,33556
"06-Sep-2013 22:00:00","Outbound",9406494,24594
"06-Sep-2013 21:00:00","Inbound",8086387,28295
"06-Sep-2013 21:00:00","Outbound",8248429,128936
"06-Sep-2013 20:00:00","Inbound",13920924,31654
"06-Sep-2013 20:00:00","Outbound",12291409,1879691
"06-Sep-2013 19:00:00","Inbound",22345386,49916
"06-Sep-2013 19:00:00","Outbound",16116616,835720
"06-Sep-2013 18:00:00","Inbound",26618926,131129
"06-Sep-2013 18:00:00","Outbound",17566364,423902
"06-Sep-2013 17:00:00","Inbound",21347260,107259
"06-Sep-2013 17:00:00","Outbound",16480666,955400
"06-Sep-2013 16:00:00","Inbound",20287266,115950
"06-Sep-2013 16:00:00","Outbound",16812550,488958
"06-Sep-2013 15:00:00","Inbound",12322337,38314
"06-Sep-2013 15:00:00","Outbound",11543007,49085
"06-Sep-2013 14:00:00","Inbound",25245203,77992
"06-Sep-2013 14:00:00","Outbound",17787589,59186
"06-Sep-2013 13:00:00","Inbound",33659763,122796
"06-Sep-2013 13:00:00","Outbound",24769404,103451
"06-Sep-2013 12:00:00","Inbound",43175316,202542
"06-Sep-2013 12:00:00","Outbound",30101008,126884
"06-Sep-2013 11:00:00","Inbound",37787534,143879
"06-Sep-2013 11:00:00","Outbound",25901407,174478
"06-Sep-2013 10:00:00","Inbound",47830568,171853
"06-Sep-2013 10:00:00","Outbound",31755457,120539
"06-Sep-2013 09:00:00","Inbound",40249335,91606
"06-Sep-2013 09:00:00","Outbound",26942008,68196
"06-Sep-2013 08:00:00","Inbound",14583285,38180
"06-Sep-2013 08:00:00","Outbound",12237848,20472
"06-Sep-2013 07:00:00","Inbound",4797239,8003
"06-Sep-2013 07:00:00","Outbound",5906071,22075
"06-Sep-2013 06:00:00","Inbound",4476989,4706
"06-Sep-2013 06:00:00","Outbound",7054760,22950
"06-Sep-2013 05:00:00","Inbound",3228918,5309
"06-Sep-2013 05:00:00","Outbound",4790526,12974
"06-Sep-2013 04:00:00","Inbound",3311404,7171
"06-Sep-2013 04:00:00","Outbound",4605973,16791
"06-Sep-2013 03:00:00","Inbound",3658268,9649
"06-Sep-2013 03:00:00","Outbound",4678685,13824
"06-Sep-2013 02:00:00","Inbound",5041061,6039
"06-Sep-2013 02:00:00","Outbound",5414226,15891
"06-Sep-2013 01:00:00","Inbound",5089578,7896
"06-Sep-2013 01:00:00","Outbound",6200112,19572
"06-Sep-2013 00:00:00","Inbound",5869504,19303
"06-Sep-2013 00:00:00","Outbound",7171857,24151
"05-Sep-2013 23:00:00","Inbound",7155608,19075
"05-Sep-2013 23:00:00","Outbound",8231060,32671
"05-Sep-2013 22:00:00","Inbound",10108078,23969
"05-Sep-2013 22:00:00","Outbound",10378215,28642
"05-Sep-2013 21:00:00","Inbound",11007288,29909
"05-Sep-2013 21:00:00","Outbound",10600080,65462
"05-Sep-2013 20:00:00","Inbound",16972438,25921
"05-Sep-2013 20:00:00","Outbound",17016414,45639
"05-Sep-2013 19:00:00","Inbound",23969333,135554
"05-Sep-2013 19:00:00","Outbound",21495421,86256
"05-Sep-2013 18:00:00","Inbound",36686021,166981
"05-Sep-2013 18:00:00","Outbound",28251867,333076
"05-Sep-2013 17:00:00","Inbound",34847047,214128
"05-Sep-2013 17:00:00","Outbound",27816174,148519
"05-Sep-2013 16:00:00","Inbound",28796749,161184
"05-Sep-2013 16:00:00","Outbound",23106475,80554
"05-Sep-2013 15:00:00","Inbound",16348017,56315
"05-Sep-2013 15:00:00","Outbound",14369194,68278
"05-Sep-2013 14:00:00","Inbound",25167202,109566
"05-Sep-2013 14:00:00","Outbound",19412042,62759
"05-Sep-2013 13:00:00","Inbound",34849315,112086
"05-Sep-2013 13:00:00","Outbound",28627102,185455
"05-Sep-2013 12:00:00","Inbound",36258914,168657
"05-Sep-2013 12:00:00","Outbound",25796152,93039
"05-Sep-2013 11:00:00","Inbound",44335160,227446
"05-Sep-2013 11:00:00","Outbound",28159785,125458
"05-Sep-2013 10:00:00","Inbound",44700226,219360
"05-Sep-2013 10:00:00","Outbound",29664484,132509
"05-Sep-2013 09:00:00","Inbound",41992409,157986
"05-Sep-2013 09:00:00","Outbound",27160928,117292
"05-Sep-2013 08:00:00","Inbound",20566190,26626
"05-Sep-2013 08:00:00","Outbound",14531786,25446
"05-Sep-2013 07:00:00","Inbound",8299803,10439
"05-Sep-2013 07:00:00","Outbound",6505783,12020
"05-Sep-2013 06:00:00","Inbound",6482844,8757
"05-Sep-2013 06:00:00","Outbound",7019069,20175
"05-Sep-2013 05:00:00","Inbound",2958132,6822
"05-Sep-2013 05:00:00","Outbound",3645991,14047
"05-Sep-2013 04:00:00","Inbound",5079165,7939
"05-Sep-2013 04:00:00","Outbound",4999117,136798
"05-Sep-2013 03:00:00","Inbound",5817979,10749
"05-Sep-2013 03:00:00","Outbound",5139280,25556
"05-Sep-2013 02:00:00","Inbound",4585456,9317
"05-Sep-2013 02:00:00","Outbound",4689421,19449
"05-Sep-2013 01:00:00","Inbound",6549312,11623
"05-Sep-2013 01:00:00","Outbound",5834361,46277
"05-Sep-2013 00:00:00","Inbound",5584415,16849
"05-Sep-2013 00:00:00","Outbound",5773021,65039
"04-Sep-2013 23:00:00","Inbound",10949546,43178
"04-Sep-2013 23:00:00","Outbound",9356327,61116
"04-Sep-2013 22:00:00","Inbound",12887381,74220
"04-Sep-2013 22:00:00","Outbound",9076852,24443
"04-Sep-2013 21:00:00","Inbound",11440130,70515
"04-Sep-2013 21:00:00","Outbound",9473023,29252
"04-Sep-2013 20:00:00","Inbound",16565724,40308
"04-Sep-2013 20:00:00","Outbound",12025796,35629
"04-Sep-2013 19:00:00","Inbound",38586555,161369
"04-Sep-2013 19:00:00","Outbound",24382754,73275
"04-Sep-2013 18:00:00","Inbound",38080729,161921
"04-Sep-2013 18:00:00","Outbound",24249085,116522
"04-Sep-2013 17:00:00","Inbound",42205632,129159
"04-Sep-2013 17:00:00","Outbound",26087067,122595
"04-Sep-2013 16:00:00","Inbound",27691827,73767
"04-Sep-2013 16:00:00","Outbound",20153925,48518
"04-Sep-2013 15:00:00","Inbound",18425861,34165
"04-Sep-2013 15:00:00","Outbound",13132460,32543
"04-Sep-2013 14:00:00","Inbound",24982962,32012
"04-Sep-2013 14:00:00","Outbound",17054908,79224
